-- Insert into country
INSERT INTO country (country_id, country_name) VALUES
(1, 'United States'),
(2, 'Canada'),
(3, 'United Kingdom'),
(4, 'Australia'),
(5, 'Germany');

-- Insert into city
INSERT INTO city (city_id, country_id, city_name) VALUES
(1, 1, 'New York'),
(2, 1, 'Los Angeles'),
(3, 2, 'Toronto'),
(4, 3, 'London'),
(5, 4, 'Sydney'),
(6, 5, 'Berlin');

-- Insert into airline
INSERT INTO airline (airline_id, airline_name) VALUES
(1, 'Delta Airlines'),
(2, 'Air Canada'),
(3, 'British Airways'),
(4, 'Qantas'),
(5, 'Lufthansa');

-- Insert into airport
INSERT INTO airport (airport_code, city_id, airport_name) VALUES
('JFK', 1, 'John F. Kennedy International Airport'),
('LAX', 2, 'Los Angeles International Airport'),
('YYZ', 3, 'Toronto Pearson International Airport'),
('LHR', 4, 'Heathrow Airport'),
('SYD', 5, 'Sydney Kingsford Smith Airport'),
('TXL', 6, 'Berlin Tegel Airport');

-- Insert into customer
INSERT INTO customer (customer_id, country_id, first_name, last_name, passport_number, email_address, phone_number) VALUES
(1, 1, 'Alice', 'Smith', 'A12345678', 'alice@example.com', '555-0100'),
(2, 2, 'Bob', 'Johnson', 'B23456789', 'bob@example.com', '555-0200'),
(3, 3, 'Charlie', 'Brown', 'C34567890', 'charlie@example.com', '555-0300'),
(4, 4, 'David', 'Williams', 'D45678901', 'david@example.com', '555-0400'),
(5, 5, 'Eva', 'Jones', 'E56789012', 'eva@example.com', '555-0500');

-- Insert into manufacturer
INSERT INTO manufacturer (manufacturer_id, manufacturer_name) VALUES
(1, 'Boeing'),
(2, 'Airbus'),
(3, 'Embraer'),
(4, 'Bombardier'),
(5, 'Lockheed Martin');

-- Insert into aircraft_model
INSERT INTO aircraft_model (model_id, manufacturer_id, model_name) VALUES
(1, 1, 'Boeing 737'),
(2, 1, 'Boeing 747'),
(3, 2, 'Airbus A320'),
(4, 3, 'Embraer E190'),
(5, 4, 'Bombardier CRJ900');

-- Insert into aircraft
INSERT INTO aircraft (aircraft_id, aircraft_model_id, owned_by_airline_id) VALUES
(1, 1, 1),
(2, 2, 2),
(3, 3, 3),
(4, 4, 4),
(5, 5, 5);

-- Insert into flight
INSERT INTO flight (flight_code, airline_id) VALUES
('DL123', 1),
('AC456', 2),
('BA789', 3),
('QF101', 4),
('LH202', 5);

-- Insert into seat_class
INSERT INTO seat_class (seat_class_id, class_name) VALUES
(1, 'Economy'),
(2, 'Business'),
(3, 'First');

-- Insert into aircraft_seat
INSERT INTO aircraft_seat (seat_id, aircraft_id, seat_class_id) VALUES
(1, 1, 1),
(2, 1, 2),
(3, 1, 3),
(4, 2, 1),
(5, 2, 2),
(6, 2, 3),
(7, 3, 1),
(8, 3, 2),
(9, 3, 3);

-- Insert into leg
INSERT INTO leg (leg_id, arrival_airport_code, departure_airport_code, flight_code, aircraft_id, arrival_time, departure_time) VALUES
(1, 'LAX', 'JFK', 'DL123', 1, '2023-10-22 18:00:00', '2023-10-22 15:00:00'),
(2, 'YYZ', 'LAX', 'AC456', 2, '2023-10-22 20:00:00', '2023-10-22 17:00:00'),
(3, 'LHR', 'YYZ', 'BA789', 3, '2023-10-22 22:00:00', '2023-10-22 19:00:00'),
(4, 'SYD', 'LHR', 'QF101', 4, '2023-10-22 23:00:00', '2023-10-22 21:00:00'),
(5, 'TXL', 'SYD', 'LH202', 5, '2023-10-22 19:00:00', '2023-10-22 16:00:00');

-- Insert into booking
INSERT INTO booking (booking_id, airline_id, customer_id) VALUES
(1, 1, 1),
(2, 2, 2),
(3, 3, 3),
(4, 4, 4),
(5, 5, 5);

-- Insert into booking_leg
INSERT INTO booking_leg (booking_leg_id, booking_id, leg_id, seat_id, price) VALUES
(1, 1, 1, 1, 300.00),
(2, 2, 2, 4, 250.00),
(3, 3, 3, 7, 400.00),
(4, 4, 4, 2, 600.00),
(5, 5, 5, 5, 500.00);
