-- Insert data into supplier
INSERT INTO supplier (supplier_id, supplier_name) VALUES 
(1, 'Supplier A'), 
(2, 'Supplier B'), 
(3, 'Supplier C'), 
(4, 'Supplier D');

-- Insert data into product_category
INSERT INTO product_category (category_id, category_name) VALUES 
(1, 'Electronics'), 
(2, 'Clothing'), 
(3, 'Home & Garden'), 
(4, 'Sports');

-- Insert data into brand
INSERT INTO brand (brand_id, brand_name) VALUES 
(1, 'Brand X'), 
(2, 'Brand Y'), 
(3, 'Brand Z'), 
(4, 'Brand W');

-- Insert data into colour
INSERT INTO colour (colour_id, colour_name) VALUES 
(1, 'Red'), 
(2, 'Blue'), 
(3, 'Green'), 
(4, 'Black');

-- Insert data into size
INSERT INTO size (size_id, size_name) VALUES 
(1, 'Small'), 
(2, 'Medium'), 
(3, 'Large'), 
(4, 'Extra Large');

-- Insert data into product
INSERT INTO product (product_id, product_category_id, brand_id, colour_id, size_id, supplier_id, product_name) VALUES 
(1, 1, 1, 1, 2, 1, 'Smartphone'), 
(2, 2, 2, 2, 1, 2, 'T-shirt'), 
(3, 1, 3, 3, 3, 3, 'Laptop'), 
(4, 3, 4, 4, 2, 4, 'Garden Chair'), 
(5, 2, 1, 1, 4, 1, 'Jeans'), 
(6, 4, 2, 3, 2, 2, 'Soccer Ball'), 
(7, 1, 3, 2, 1, 3, 'Tablet'), 
(8, 2, 4, 4, 3, 4, 'Dress');

-- Insert data into supplier_order
INSERT INTO supplier_order (order_id, supplier_id, order_discount) VALUES 
(1, 1, 10.00), 
(2, 2, 5.50), 
(3, 3, 15.00), 
(4, 1, 20.00);

-- Insert data into supplier_order_line
INSERT INTO supplier_order_line (order_line_id, product_id, order_id, qty, discount, price) VALUES 
(1, 1, 1, 10, 1.00, 299.99), 
(2, 2, 1, 20, 0.50, 19.99), 
(3, 3, 2, 5, 2.00, 999.99), 
(4, 4, 2, 15, 1.50, 49.99), 
(5, 5, 3, 8, 0.75, 39.99);

-- Insert data into user_account
INSERT INTO user_account (username, first_name, last_name, email_address) VALUES 
('user1', 'Alice', 'Smith', 'alice@example.com'), 
('user2', 'Bob', 'Johnson', 'bob@example.com'), 
('user3', 'Charlie', 'Brown', 'charlie@example.com'), 
('user4', 'David', 'Williams', 'david@example.com');

-- Insert data into address
INSERT INTO address (address_id, address_line, city, postal_code, country) VALUES 
(1, '123 Main St', 'Springfield', '12345', 'USA'), 
(2, '456 Elm St', 'Shelbyville', '54321', 'USA'), 
(3, '789 Oak St', 'Capital City', '67890', 'USA');

-- Insert data into customer_order
INSERT INTO customer_order (order_id, username, shipping_address, billing_address, order_date, order_discount) VALUES 
(1, 'user1', 1, 1, '2023-10-01', 5.00), 
(2, 'user2', 2, 1, '2023-10-02', 10.00), 
(3, 'user3', 3, 2, '2023-10-03', 0.00), 
(4, 'user4', 1, 3, '2023-10-04', 2.50);

-- Insert data into customer_order_line
INSERT INTO customer_order_line (order_line_id, product_id, order_id, qty, discount, price) VALUES 
(1, 1, 1, 1, 0.00, 299.99), 
(2, 2, 2, 2, 1.00, 39.98), 
(3, 3, 3, 1, 2.00, 999.99), 
(4, 4, 4, 1, 0.00, 19.99);

-- Insert data into user_address
INSERT INTO user_address (address_id, username) VALUES 
(1, 'user1'), 
(2, 'user2'), 
(3, 'user3'), 
(1, 'user4');
