-- Insert records into account_type
INSERT INTO account_type (account_type_id, account_type) VALUES
(1, 'Savings'),
(2, 'Checking'),
(3, 'Business'),
(4, 'Joint'),
(5, 'Student'),
(6, 'Retirement'),
(7, 'Investment'),
(8, 'Corporate'),
(9, 'Trust'),
(10, 'Health Savings');

-- Insert records into account_status
INSERT INTO account_status (status_id, status_value) VALUES
(1, 'Active'),
(2, 'Inactive'),
(3, 'Closed'),
(4, 'Pending'),
(5, 'Suspended'),
(6, 'Frozen'),
(7, 'Dormant'),
(8, 'Archived'),
(9, 'Under Review'),
(10, 'Pending Closure');

-- Insert records into customer
INSERT INTO customer (customer_id, first_name, last_name, date_of_birth, signup_date) VALUES
(1, 'John', 'Doe', '1985-05-15', '2020-01-01'),
(2, 'Jane', 'Smith', '1990-07-20', '2020-02-15'),
(3, 'Alice', 'Johnson', '1975-09-30', '2020-03-10'),
(4, 'Bob', 'Brown', '1988-12-12', '2020-04-05'),
(5, 'Charlie', 'Davis', '1995-03-25', '2020-05-20'),
(6, 'Eve', 'Wilson', '1982-11-11', '2020-06-15'),
(7, 'Frank', 'Miller', '1992-08-08', '2020-07-22'),
(8, 'Grace', 'Lee', '1980-01-01', '2020-08-30'),
(9, 'Hank', 'Garcia', '1986-04-04', '2020-09-18'),
(10, 'Ivy', 'Martinez', '1993-06-06', '2020-10-25');

-- Insert records into account
INSERT INTO account (account_number, account_type_id, status_id, date_opened, date_closed) VALUES
(1001, 1, 1, '2021-01-15', NULL),
(1002, 2, 1, '2021-02-20', NULL),
(1003, 1, 2, '2021-03-25', NULL),
(1004, 3, 1, '2021-04-30', NULL),
(1005, 4, 1, '2021-05-05', NULL),
(1006, 5, 3, '2021-06-10', NULL),
(1007, 6, 1, '2021-07-15', NULL),
(1008, 7, 1, '2021-08-20', NULL),
(1009, 8, 2, '2021-09-25', NULL),
(1010, 9, 1, '2021-10-30', NULL);

-- Insert records into customer_account
INSERT INTO customer_account (account_number, customer_id) VALUES
(1001, 1),
(1002, 2),
(1003, 3),
(1004, 4),
(1005, 5),
(1006, 6),
(1007, 7),
(1008, 8),
(1009, 9),
(1010, 10);

-- Insert records into transaction
INSERT INTO transaction (transaction_id, transaction_datetime, from_account,
to_account,
description) VALUES
(2001,'2023-01-01 10:00:00' ,1001 ,1002 ,'Deposit to savings account.'),
(2002,'2023-01-02 11:00:00' ,1002 ,1003 ,'Transfer from checking account.'),
(2003,'2023-01-03 12:00:00' ,1003 ,1004 ,'Payment for services.'),
(2004,'2023-01-04 13:00:00' ,1004 ,1005 ,'Withdrawal from ATM.'),
(2005,'2023-01-05 14:00:00' ,1005 ,1006 ,'Online purchase.'),
(2006,'2023-01-06 15:00:00' ,1006 ,1007 ,'Transfer to investment account.'),
(2007,'2023-01-07 16:00:00' ,1007 ,1008 ,'Payment received.'),
(2008,'2023-01-08 17:00:00' ,1008 ,1009 ,'Refund issued.'),
(2009,'2023-01-09 18:00:00' ,1009 ,1010 ,'Monthly subscription fee.'),
(2010,'2023-01-10 19:00:00' ,1010 ,1001 ,'Loan repayment.');