-- Insert records into product_category
INSERT INTO product_category (category_id, category_name) VALUES
(1, 'Electronics'),
(2, 'Clothing'),
(3, 'Home & Kitchen'),
(4, 'Books'),
(5, 'Toys & Games'),
(6, 'Sports Equipment'),
(7, 'Beauty Products'),
(8, 'Automotive'),
(9, 'Health & Personal Care'),
(10, 'Office Supplies');

-- Insert records into brand
INSERT INTO brand (brand_id, brand_name) VALUES
(1, 'Brand A'),
(2, 'Brand B'),
(3, 'Brand C'),
(4, 'Brand D'),
(5, 'Brand E'),
(6, 'Brand F'),
(7, 'Brand G'),
(8, 'Brand H'),
(9, 'Brand I'),
(10, 'Brand J');

-- Insert records into colour
INSERT INTO colour (colour_id, colour_name) VALUES
(1, 'Red'),
(2, 'Blue'),
(3, 'Green'),
(4, 'Black'),
(5, 'White'),
(6, 'Yellow'),
(7, 'Purple'),
(8, 'Orange'),
(9, 'Pink'),
(10, 'Gray');

-- Insert records into size
INSERT INTO size (size_id, size_name) VALUES
(1, 'Small'),
(2, 'Medium'),
(3, 'Large'),
(4, 'X-Large'),
(5, 'XX-Large'),
(6, 'One Size Fits All'),
(7, '32 oz.'),
(8, '64 oz.'),
(9, '4-Pack'),
(10, '6-Pack');

-- Insert records into supplier
INSERT INTO supplier (supplier_id, supplier_name) VALUES
(1, 'Supplier A'),
(2, 'Supplier B'),
(3, 'Supplier C'),
(4, 'Supplier D'),
(5, 'Supplier E'),
(6, 'Supplier F'),
(7, 'Supplier G'),
(8, 'Supplier H'),
(9, 'Supplier I'),
(10, 'Supplier J');

-- Insert records into product
INSERT INTO product (product_id,
product_category_id,
brand_id,
colour_id,
size_id,
supplier_id,
product_name) VALUES
 (1 ,1 ,1 ,1 ,1 ,1 ,'Smartphone'),  
 (2 ,1 ,2 ,2 ,2 ,2 ,'Laptop'),  
 (3 ,2 ,3 ,3 ,3 ,3 ,'T-Shirt'),  
 (4 ,2 ,4 ,4 ,4 ,4 ,'Jeans'),  
 (5 ,3 ,5 ,5 ,5 ,5 ,'Blender'),  
 (6 ,3 ,6 ,6 ,6 ,6 ,'Microwave'),  
 (7 ,4 ,7 ,7 ,7 ,7 ,'Fiction Novel'),  
 (8 ,4 ,8 ,8 ,8 ,8 ,'Cookbook'),  
 (9 ,5 ,9 ,9 ,9 ,9 ,'Action Figure'),  
 (10 ,5 ,10 ,10 ,10 ,
 10 ,'Board Game');

-- Insert records into supplier_order
INSERT INTO supplier_order (order_id,
supplier_id,
order_discount) VALUES
 (1 ,
   1 ,
   10.00),
   (2 ,
   2 ,
   15.50),
   (3 ,
   3 ,
   20.00),
   (4 ,
   4 ,
   5.00),
   (5 ,
   5 ,
   12.50),
   (6 ,
   6 ,
   0.00),
   (7 ,
   7 ,
   8.25),
   (8 ,
   8 ,
   18.75),
   (9 ,
   9 ,
   22.50),
   (10 ,
    10 ,
    30.00);

-- Insert records into supplier_order_line
INSERT INTO supplier_order_line (
    order_line_id,
    product_id,
    order_id,
    qty,
    discount,
    price) VALUES
    (1,
    1,
    1,
    100,
    0.00,
    DECIMAL('599.99')),
    (2,
    2,
    1,
    50,
    0.00,
    DECIMAL('999.99')),
    (3,
    3,
    2,
    200,
    DECIMAL('2.00'), 
     DECIMAL('19.99')),
     (
    4 ,
    4 ,
    2 ,
    150 ,
     DECIMAL(
     '0.50') ,
     DECIMAL(
     '49.99')),
     (
     5 ,
     5 ,
     3 ,
     75 ,
     DECIMAL(
     '.75') ,
     DECIMAL(
     	'29.99')),
     (
     	6 ,
     	6 ,
     	3 ,
     	30 ,
     	DECIMAL(
     	'0.00') ,
     	DECIMAL(
     	'89.99')),
     	(
     	7 ,
     	7 ,
     	4 ,
     	25 ,
     	DECIMAL(
     	'0.00') ,
     	DECIMAL(
     	'14.99')),
     	(
     	8 ,
     	8 ,
     	4 ,
     	20 ,
     	DECIMAL(
     	'0.00') ,
     	DECIMAL(
     	'24.99')),
     	(
     	9 ,
     	9 ,
     	5 ,
     	15 ,
     	DECIMAL(
      	  .50) ,
      	  DECIMAL(
      	  .99)),
      	  (
      	  10,
      	  10,
      	  5,
      	  12,
      	  DECIMAL(
      	  .25),
      	  DECIMAL(
          .99));

-- Insert records into user_account
INSERT INTO user_account (
username,
first_name,
last_name,
email_address) VALUES
('johndoe', 
'John', 
'Doe', 
'john.doe@example.com'), 
('janesmith', 
'Jane', 
'Smith', 
'jane.smith@example.com'), 
('alicejohnson', 
'Alice', 
'Johnson', 
'alice.johnson@example.com'), 
('bobbrown', 
'Bob', 
'Brown', 
'bob.brown@example.com'), 
('charliedavis', 
'Charlie', 
'Davis', 
'charlie.davis@example.com'), 
('evewilson', 
'Eve', 
'Wilson', 
'eve.wilson@example.com'), 
('frankmiller', 
'Frank', 
'Miller', 
'frank.miller@example.com'), 
('gracelee', 
'Grace', 
'Lee', 
'grace.lee@example.com'), 
('hankgarcia', 
'Hank', 
'Garcia', 
'hank.garcia@example.com'), 
('ivymartinez',
'Ivy',
'Martinez',
'ivy.martinez@example.com');

-- Insert records into address
INSERT INTO address (
address_id,
address_line,
city,
postal_code,
country) VALUES
 (1,'123 Main St','Los Angeles','90001','USA'),  
 (2,'456 Elm St','New York','10001','USA'),  
 (3,'789 Maple Ave','Chicago','60601','USA'),  
 (4,'101 Oak St','Dallas','75201','USA'),  
 (5,'202 Pine St','Denver','80201','USA'),  
 (6,'303 Cedar St','San Francisco','94101','USA'),  
 (7,'404 Birch St','Seattle','98101','USA'),  
 (8,'505 Spruce St','Las Vegas','89101','USA'),  
 (9,'606 Fir St','Miami','33101','USA'),  
 (10,'707 Walnut St','Atlanta','30301','USA'); 

-- Insert records into customer_order
INSERT INTO customer_order (
order_id,
username,
shipping_address,
billing_address,
order_date,
order_discount) VALUES
 (1 ,'johndoe' ,'123 Main St' ,'123 Main St' ,'2023-01-01' ,'0.00'),  
 (2 ,'janesmith' ,'456 Elm St' ,'456 Elm St' ,'2023-02-15' ,'5.00'),  
 (3 ,'alicejohnson' ,'789 Maple Ave' ,'789 Maple Ave' ,'2023-03-10' ,'0.00'),  
 (4 ,'bobbrown' ,'101 Oak St' ,'101 Oak St' ,'2023-04-05' ,'12.50'),  
 (5 ,'charliedavis' ,'202 Pine St' ,'202 Pine St' ,'2023-05-20' ,'0.00'),  
 (6 ,'evewilson' ,'303 Cedar St' ,'303 Cedar St' ,'2023-06-15' ,'15.00'),  
 (7 ,'frankmiller' ,'404 Birch St' ,'404 Birch St' ,'2023-07-22' ,'0.00'),  
 (8 ,'gracelee' ,'505 Spruce St''505 Spruce St''2023-08-30''0.00''),   
 (
9,'hankgarcia',
'Hank Garcia',
'Hank Garcia',
'Hank Garcia',
'Hank Garcia',
'Hank Garcia',
'Hank Garcia',
'Hank Garcia',
'Hank Garcia'
),   
 (
10,'ivymartinez',
'Ivy Martinez',
'Ivy Martinez',
'Ivy Martinez',
'Ivy Martinez',
'Ivy Martinez',
'Ivy Martinez',
'Ivy Martinez',
'Ivy Martinez'
); 

-- Insert records into customer_order_line
INSERT INTO customer_order_line (
order_line_id,
product_id,
order_id,
qty,
discount,
price) VALUES
 (
1,'1',1,'2',DECIMAL('0.50'),'19.99'
),   
 (
2,'2',1,'1',DECIMAL('0.75'),'999'
),   
 (
3,'3',2,'5',DECIMAL('0'),'12'
),   
 (
4,'4',2,'2',DECIMAL('.25'),'49'
),   
 (
5,'5',3,'1',DECIMAL('.75'),'29'
),   
 (
6,'6',3,'12',DECIMAL('.25'),'89'
),   
 (
7,'7',4,'20'',DECIMAL('.50'),'14'
),   
 (
8,'8'',4,''20'',DECIMAL('.50'),'24'
),   
 (
9,'9'',5,''15'',DECIMAL('.50'),'14'
),   
 (
10,''10'',5,''12'',DECIMAL('.25'),'14'
);