-- Insert data into customer
INSERT INTO customer (customer_id, first_name, last_name, date_of_birth, signup_date) VALUES 
(1, 'Alice', 'Smith', '1990-01-01', '2020-01-10'), 
(2, 'Bob', 'Johnson', '1985-02-15', '2021-02-20'), 
(3, 'Charlie', 'Brown', '1992-03-20', '2022-03-15'), 
(4, 'David', 'Williams', '1988-04-25', '2020-04-30'), 
(5, 'Eva', 'Jones', '1995-05-30', '2021-05-25'), 
(6, 'Frank', 'Garcia', '1993-06-10', '2022-06-18'), 
(7, 'Grace', 'Martinez', '1991-07-14', '2021-07-22'), 
(8, 'Henry', 'Hernandez', '1989-08-09', '2020-08-20'), 
(9, 'Ivy', 'Lopez', '1994-09-12', '2021-09-15'), 
(10, 'Jack', 'Wilson', '1990-10-05', '2022-10-10');

-- Insert data into account_type
INSERT INTO account_type (account_type_id, account_type) VALUES 
(1, 'Savings'), 
(2, 'Checking'), 
(3, 'Business'), 
(4, 'Investment');

-- Insert data into account_status
INSERT INTO account_status (status_id, status_value) VALUES 
(1, 'Active'), 
(2, 'Inactive'), 
(3, 'Suspended');

-- Insert data into account
INSERT INTO account (account_number, account_type_id, status_id, date_opened, date_closed) VALUES 
(1001, 1, 1, '2020-01-15', NULL), 
(1002, 2, 1, '2021-02-20', NULL), 
(1003, 1, 2, '2022-03-10', NULL), 
(1004, 3, 1, '2020-11-01', NULL), 
(1005, 1, 1, '2019-10-10', NULL);

-- Insert data into customer_account
INSERT INTO customer_account (account_number, customer_id) VALUES 
(1001, 1), 
(1002, 2), 
(1003, 3), 
(1004, 4), 
(1005, 5), 
(1001, 6), 
(1002, 7), 
(1003, 8), 
(1004, 9), 
(1005, 10);

-- Insert data into transaction
INSERT INTO transaction (transaction_id, transaction_datetime, from_account, to_account, description) VALUES 
(1, '2023-01-01 10:00:00', 1001, 1002, 'Transfer from Alice to Bob'), 
(2, '2023-01-02 12:30:00', 1002, 1003, 'Transfer from Bob to Charlie'), 
(3, '2023-01-03 14:45:00', 1003, 1004, 'Transfer from Charlie to David'), 
(4, '2023-01-04 09:15:00', 1004, 1005, 'Transfer from David to Eva'), 
(5, '2023-01-05 11:00:00', 1005, 1001, 'Transfer from Eva to Alice');
