USE ecommerce;

-- Insert sample data into address table
INSERT INTO address (house_unit_no, address_line1, address_line2, city, region, postal_code, country) VALUES
('A1', '123 Main St', 'Apt 4B', 'New York', 'NY', '10001', 'USA'),
('B2', '456 Oak St', NULL, 'Los Angeles', 'CA', '90001', 'USA'),
('C3', '789 Pine St', 'Suite 300', 'Chicago', 'IL', '60601', 'USA'),
('D4', '321 Maple St', NULL, 'Houston', 'TX', '77001', 'USA'),
('E5', '654 Cedar St', 'Unit 2A', 'Phoenix', 'AZ', '85001', 'USA'),
('F6', '135 Birch St', NULL, 'Philadelphia', 'PA', '19101', 'USA'),
('G7', '246 Spruce St', 'Floor 5', 'San Antonio', 'TX', '78201', 'USA'),
('H8', '357 Elm St', NULL, 'San Diego', 'CA', '92101', 'USA'),
('I9', '468 Walnut St', 'Room 1', 'Dallas', 'TX', '75201', 'USA'),
('J0', '579 Chestnut St', NULL, 'San Jose', 'CA', '95101', 'USA');

-- Insert sample data into user_account table
INSERT INTO user_account (username, first_name, last_name, email_address) VALUES
('john_doe', 'John', 'Doe', 'john@example.com'),
('jane_smith', 'Jane', 'Smith', 'jane@example.com'),
('alice_johnson', 'Alice', 'Johnson', 'alice@example.com'),
('bob_brown', 'Bob', 'Brown', 'bob@example.com'),
('charlie_white', 'Charlie', 'White', 'charlie@example.com'),
('david_black', 'David', 'Black', 'david@example.com'),
('eve_green', 'Eve', 'Green', 'eve@example.com'),
('frank_yellow', 'Frank', 'Yellow', 'frank@example.com'),
('grace_pink', 'Grace', 'Pink', 'grace@example.com'),
('henry_gray', 'Henry', 'Gray', 'henry@example.com');

-- Insert sample data into product_category table
INSERT INTO product_category (category_name) VALUES
('Electronics'),
('Clothing'),
('Home & Kitchen'),
('Books'),
('Toys'),
('Sports'),
('Health & Beauty'),
('Automotive'),
('Garden'),
('Office Supplies');

-- Insert sample data into brand table
INSERT INTO brand (brand_name) VALUES
('Brand A'),
('Brand B'),
('Brand C'),
('Brand D'),
('Brand E'),
('Brand F'),
('Brand G'),
('Brand H'),
('Brand I'),
('Brand J');

-- Insert sample data into colour table
INSERT INTO colour (colour_name) VALUES
('Red'),
('Blue'),
('Green'),
('Black'),
('White'),
('Yellow'),
('Purple'),
('Orange'),
('Gray'),
('Pink');

-- Insert sample data into size table
INSERT INTO size (size_name) VALUES
('Small'),
('Medium'),
('Large'),
('X-Large'),
('One Size'),
('XX-Large'),
('Youth'),
('Toddler'),
('Infant'),
('Regular');

-- Insert sample data into supplier table
INSERT INTO supplier (supplier_name) VALUES
('Supplier 1'),
('Supplier 2'),
('Supplier 3'),
('Supplier 4'),
('Supplier 5'),
('Supplier 6'),
('Supplier 7'),
('Supplier 8'),
('Supplier 9'),
('Supplier 10');

-- Insert sample data into product table
INSERT INTO product (product_name, product_category_id, brand_id, colour_id, size_id, supplier_id) VALUES
('Smartphone', 1, 1, 2, 3, 1),
('T-Shirt', 2, 2, 1, 2, 2),
('Blender', 3, 3, 5, 4, 3),
('Novel', 4, 4, 3, 1, 4),
('Action Figure', 5, 5, 4, 5, 5),
('Soccer Ball', 6, 6, 2, 3, 6),
('Face Cream', 7, 7, 1, 1, 7),
('Car Oil', 8, 8, 3, 4, 8),
('Garden Shovel', 9, 9, 5, 5, 9),
('Office Chair', 10, 10, 4, 2, 10);

-- Insert sample data into customer_order table
INSERT INTO customer_order (order_discount, shipping_address, billing_address, username, order_date) VALUES
(5.00, 1, 1, 'john_doe', NOW()),
(10.00, 2, 2, 'jane_smith', NOW()),
(0.00, 3, 3, 'alice_johnson', NOW()),
(15.00, 4, 4, 'bob_brown', NOW()),
(20.00, 5, 5, 'charlie_white', NOW()),
(0.00, 6, 6, 'david_black', NOW()),
(25.00, 7, 7, 'eve_green', NOW()),
(10.00, 8, 8, 'frank_yellow', NOW()),
(30.00, 9, 9, 'grace_pink', NOW()),
(5.00, 10, 10, 'henry_gray', NOW());

-- Insert sample data into customer_order_line table
INSERT INTO customer_order_line (product_id, qty, discount, price, order_id) VALUES
(1, 1, 0.00, 599.99, 1),
(2, 2, 5.00, 19.99, 2),
(3, 1, 0.00, 49.99, 3),
(4, 1, 3.00, 14.99, 4),
(5, 3, 0.00, 9.99, 5),
(6, 2, 0.00, 29.99, 6),
(7, 1, 0.00, 49.99, 7),
(8, 4, 0.00, 29.99, 8),
(9, 1, 0.00, 19.99, 9),
(10, 1, 0.00, 89.99, 10);

-- Insert sample data into supplier_order table
INSERT INTO supplier_order (order_discount, supplier_id, order_date) VALUES
(5.00, 1, NOW()),
(10.00, 2, NOW()),
(0.00, 3, NOW()),
(15.00, 4, NOW()),
(20.00, 5, NOW()),
(0.00, 6, NOW()),
(25.00, 7, NOW()),
(10.00, 8, NOW()),
(30.00, 9, NOW()),
(5.00, 10, NOW());

-- Insert sample data into supplier_order_line table
INSERT INTO supplier_order_line (product_id, qty, discount, price, order_id) VALUES
(1, 100, 0.00, 599.99, 1),
(2, 200, 5.00, 19.99, 2),
(3, 50, 0.00, 49.99, 3),
(4, 30, 3.00, 14.99, 4),
(5, 10, 0.00, 9.99, 5),
(6, 25, 0.00, 19.99, 6),
(7, 15, 0.00, 29.99, 7),
(8, 40, 0.00, 39.99, 8),
(9, 5, 0.00, 49.99, 9),
(10, 20, 0.00, 89.99, 10);

SELECT 'Sample Data Inserted Successfully' AS INFO;
