INSERT INTO user_account (username, first_name, last_name, email_address) 
VALUES 
('jdoe', 'John', 'Doe', 'john.doe@example.com'),
('asmith', 'Alice', 'Smith', 'alice.smith@example.com'),
('mjohnson', 'Mark', 'Johnson', 'mark.j@example.com'),
('rpatel', 'Raj', 'Patel', 'raj.patel@example.com'),
('klucas', 'Karen', 'Lucas', 'karen.l@example.com'),
('mmartin', 'Maria', 'Martin', 'maria.m@example.com'),
('dlee', 'David', 'Lee', 'david.l@example.com'),
('scooper', 'Sarah', 'Cooper', 'sarah.c@example.com'),
('abrown', 'Anna', 'Brown', 'anna.b@example.com'),
('jwilson', 'Jack', 'Wilson', 'jack.w@example.com');


INSERT INTO address (address_id, house_unit_no, address_line1, address_line2, city, region, postal_code, country) 
VALUES 
(1, '12A', 'Park Street', NULL, 'New York', 'NY', '10001', 'USA'),
(2, '34B', 'Main Road', 'Near Mall', 'Chicago', 'IL', '60605', 'USA'),
(3, '101', 'MG Road', NULL, 'Bengaluru', 'Karnataka', '560001', 'India'),
(4, '404', 'Baker Street', NULL, 'London', 'Greater London', 'NW1 6XE', 'UK'),
(5, '22', 'Fifth Avenue', 'Apt 3C', 'New York', 'NY', '10022', 'USA'),
(6, '67', 'Wall Street', NULL, 'New York', 'NY', '10005', 'USA'),
(7, '88', 'Oxford Street', 'Suite 10', 'London', 'Greater London', 'W1D 1BS', 'UK'),
(8, '2', 'Churchgate', NULL, 'Mumbai', 'Maharashtra', '400020', 'India'),
(9, '333', 'King Street', NULL, 'Toronto', 'Ontario', 'M5V 3G9', 'Canada'),
(10, '120', 'Queen Street', NULL, 'Sydney', 'NSW', '2000', 'Australia');


INSERT INTO user_address (address_id, username) 
VALUES 
(1, 'jdoe'), 
(2, 'asmith'), 
(3, 'mjohnson'), 
(4, 'rpatel'), 
(5, 'klucas'), 
(6, 'mmartin'), 
(7, 'dlee'), 
(8, 'scooper'), 
(9, 'abrown'), 
(10, 'jwilson');


INSERT INTO customer_order (order_id, order_discount, shipping_address, billing_address, username, order_date) 
VALUES 
(1, 5.00, 1, 1, 'jdoe', '2024-10-10'),
(2, 0.00, 2, 2, 'asmith', '2024-10-11'),
(3, 10.00, 3, 3, 'mjohnson', '2024-10-12'),
(4, 15.00, 4, 4, 'rpatel', '2024-10-13'),
(5, 0.00, 5, 5, 'klucas', '2024-10-14'),
(6, 20.00, 6, 6, 'mmartin', '2024-10-15'),
(7, 5.00, 7, 7, 'dlee', '2024-10-16'),
(8, 12.00, 8, 8, 'scooper', '2024-10-17'),
(9, 7.00, 9, 9, 'abrown', '2024-10-18'),
(10, 0.00, 10, 10, 'jwilson', '2024-10-19');


INSERT INTO product_category (category_id, category_name) 
VALUES 
(1, 'Electronics'), (2, 'Clothing'), (3, 'Home Appliances'), 
(4, 'Books'), (5, 'Furniture'), (6, 'Toys'), 
(7, 'Shoes'), (8, 'Beauty'), (9, 'Sports'), 
(10, 'Groceries');

INSERT INTO brand (brand_id, brand_name) 
VALUES 
(1, 'Apple'), (2, 'Nike'), (3, 'Samsung'), 
(4, 'Adidas'), (5, 'Sony'), (6, 'LG'), 
(7, 'Puma'), (8, 'Canon'), (9, 'Reebok'), 
(10, 'Philips');


INSERT INTO colour (colour_id, colour_name) 
VALUES 
(1, 'Red'), (2, 'Blue'), (3, 'Green'), 
(4, 'Yellow'), (5, 'Black'), (6, 'White'), 
(7, 'Pink'), (8, 'Orange'), (9, 'Gray'), 
(10, 'Purple');

INSERT INTO size (size_id, size_name) 
VALUES 
(1, 'Small'), (2, 'Medium'), (3, 'Large'), 
(4, 'Extra Large'), (5, 'One Size'), (6, 'XS'), 
(7, 'S'), (8, 'M'), (9, 'L'), 
(10, 'XXL');


INSERT INTO supplier (supplier_id, supplier_name) 
VALUES 
(1, 'Global Tech'), (2, 'Urban Wear'), (3, 'Appliance Hub'), 
(4, 'Book World'), (5, 'FurniStyle'), (6, 'Toyland'), 
(7, 'ShoeMart'), (8, 'Beauty Essentials'), (9, 'Sports Pro'), 
(10, 'Grocery Direct');


INSERT INTO product (product_id, product_name, product_category_id, brand_id, colour_id, size_id, supplier_id) 
VALUES 
(1, 'iPhone 13', 1, 1, 5, 5, 1),
(2, 'Running Shoes', 7, 2, 1, 8, 2),
(3, '4K TV', 1, 3, 5, 5, 3),
(4, 'T-Shirt', 2, 4, 2, 2, 2),
(5, 'Camera', 1, 8, 6, 5, 3),
(6, 'Sofa Set', 5, 5, 7, 5, 5),
(7, 'Toy Car', 6, 7, 9, 5, 6),
(8, 'Face Cream', 8, 6, 10, 5, 8),
(9, 'Basketball', 9, 4, 3, 5, 9),
(10, 'Rice Pack', 10, 10, 4, 5, 10);


INSERT INTO customer_order_line (order_line_id, product_id, qty, discount, price, order_id) 
VALUES 
(1, 1, 1, 0.00, 799.99, 1),
(2, 2, 2, 10.00, 150.00, 2),
(3, 3, 1, 0.00, 1200.00, 3),
(4, 4, 3, 5.00, 25.00, 4),
(5, 5, 1, 0.00, 599.99, 5),
(6, 6, 1, 20.00, 899.99, 6),
(7, 7, 2, 0.00, 30.00, 7),
(8, 8, 1, 5.00, 50.00, 8),
(9, 9, 2, 0.00, 25.00, 9),
(10, 10, 5, 10.00, 10.00, 10);

INSERT INTO supplier_order (order_id, order_discount, supplier_id, order_date) 
VALUES 
(1, 5.00, 1, '2024-10-01'),
(2, 10.00, 2, '2024-10-02'),
(3, 7.50, 3, '2024-10-03'),
(4, 15.00, 4, '2024-10-04'),
(5, 0.00, 5, '2024-10-05'),
(6, 8.00, 6, '2024-10-06'),
(7, 12.50, 7, '2024-10-07'),
(8, 0.00, 8, '2024-10-08'),
(9, 3.00, 9, '2024-10-09'),
(10, 5.00, 10, '2024-10-10');


INSERT INTO supplier_order_line (order_line_id, product_id, qty, discount, price, order_id) 
VALUES 
(1, 1, 10, 0.00, 750.00, 1),
(2, 2, 20, 5.00, 140.00, 2),
(3, 3, 5, 0.00, 1100.00, 3),
(4, 4, 15, 10.00, 20.00, 4),
(5, 5, 8, 0.00, 580.00, 5),
(6, 6, 4, 7.50, 850.00, 6),
(7, 7, 12, 0.00, 28.00, 7),
(8, 8, 6, 0.00, 45.00, 8),
(9, 9, 10, 5.00, 23.00, 9),
(10, 10, 50, 0.00, 9.50, 10);


