-- Insert data into country table
INSERT INTO country (country_name) VALUES 
('United States'), 
('United Kingdom'), 
('Canada'), 
('Australia'), 
('Germany');

-- Insert data into city table
INSERT INTO city (city_name, country_id) VALUES 
('New York', 1), 
('London', 2), 
('Toronto', 3), 
('Sydney', 4), 
('Berlin', 5);

-- Insert data into airport table
INSERT INTO airport (airport_code, airport_name, city_id) VALUES 
('JFK', 'John F. Kennedy International Airport', 1), 
('LHR', 'London Heathrow Airport', 2), 
('YYZ', 'Toronto Pearson International Airport', 3), 
('SYD', 'Sydney Kingsford Smith Airport', 4), 
('TXL', 'Berlin Tegel Airport', 5);

-- Insert data into manufacturer table
INSERT INTO manufacturer (manufacturer_name) VALUES 
('Boeing'), 
('Airbus'), 
('Lockheed Martin'), 
('Bombardier'), 
('Embraer');

-- Insert data into airline table
INSERT INTO airline (airline_name) VALUES 
('American Airlines'), 
('British Airways'), 
('Air Canada'), 
('Qantas Airways'), 
('Lufthansa');

-- Insert data into aircraft_model table
INSERT INTO aircraft_model (manufacturer_id, model_name) VALUES 
(1, 'Boeing 737'), 
(2, 'Airbus A320'), 
(3, 'Lockheed Martin C-130'), 
(4, 'Bombardier Q400'), 
(5, 'Embraer E190');

-- Insert data into aircraft table
INSERT INTO aircraft (aircraft_model_id, owned_by_airline_id) VALUES 
(1, 1), 
(2, 2), 
(3, 3), 
(4, 4), 
(5, 5);

-- Insert data into seat_class table
INSERT INTO seat_class (class_name) VALUES 
('First Class'), 
('Business Class'), 
('Economy Class');

-- Insert data into aircraft_seat table
INSERT INTO aircraft_seat (aircraft_id, seat_class_id) VALUES 
(1, 1), 
(1, 2), 
(1, 3), 
(2, 1), 
(2, 2);

-- Insert data into customer table
INSERT INTO customer (first_name, last_name, passport_number, email_address, phone_number, country_id) VALUES 
('John', 'Doe', 'A1234567', 'john.doe@email.com', '123-456-7890', 1), 
('Alice', 'Smith', 'B7654321', 'alice.smith@email.com', '234-567-8901', 2), 
('Robert', 'Johnson', 'C2345678', 'robert.johnson@email.com', '345-678-9012', 3), 
('Emily', 'Davis', 'D3456789', 'emily.davis@email.com', '456-789-0123', 4), 
('Michael', 'Brown', 'E9876543', 'michael.brown@email.com', '567-890-1234', 5);

-- Insert data into flight table
INSERT INTO flight (flight_code, airline_id) VALUES 
('AA101', 1), 
('BA202', 2), 
('AC303', 3), 
('QF404', 4), 
('LH505', 5);

-- Insert data into leg table
INSERT INTO leg (arrival_airport_code, departure_airport_code, arrival_time, departure_time, aircraft_id, flight_code) VALUES 
('JFK', 'LHR', '2024-11-01 07:00:00', '2024-11-01 05:00:00', 1, 'AA101'), 
('LHR', 'YYZ', '2024-11-01 12:00:00', '2024-11-01 10:00:00', 2, 'BA202'), 
('YYZ', 'SYD', '2024-11-01 18:00:00', '2024-11-01 15:00:00', 3, 'AC303'), 
('SYD', 'TXL', '2024-11-01 08:00:00', '2024-11-01 06:00:00', 4, 'QF404'), 
('TXL', 'JFK', '2024-11-01 20:00:00', '2024-11-01 18:00:00', 5, 'LH505');

-- Insert data into booking table
INSERT INTO booking (airline_id, customer_id) VALUES 
(1, 1), 
(2, 2), 
(3, 3), 
(4, 4), 
(5, 5);

-- Insert data into booking_leg table
INSERT INTO booking_leg (booking_id, leg_id, seat_id, price) VALUES 
(1, 1, 1, 1200.00), 
(2, 2, 2, 850.00), 
(3, 3, 3, 1300.00), 
(4, 4, 4, 950.00), 
(5, 5, 5, 1100.00);
