-- Insert sample data

-- User Accounts
INSERT INTO user_account (username, first_name, last_name, email_address) VALUES
('johndoe', 'John', 'Doe', 'john.doe@example.com'),
('janedoe', 'Jane', 'Doe', 'jane.doe@example.com'),
('michael25', 'Michael', 'Smith', 'michael.smith@example.com'),
('lucy85', 'Lucy', 'Johnson', 'lucy.johnson@example.com'),
('jamesbond007', 'James', 'Bond', 'james.bond@mi6.co.uk');

-- Addresses
INSERT INTO address (house_unit_no, address_line1, address_line2, city, region, postal_code, country) VALUES
('A1', '123 Main St', 'Apt 4B', 'New York', 'NY', '10001', 'USA'),
('B2', '456 Oak St', '', 'Los Angeles', 'CA', '90001', 'USA'),
('C3', '789 Pine St', 'Suite 6', 'Chicago', 'IL', '60007', 'USA'),
('D4', '101 Maple St', '', 'Houston', 'TX', '77001', 'USA'),
('E5', '202 Elm St', 'Apt 3C', 'Miami', 'FL', '33101', 'USA');

-- User Address
INSERT INTO user_address (address_id, username) VALUES
(1, 'johndoe'),
(2, 'janedoe'),
(3, 'michael25'),
(4, 'lucy85'),
(5, 'jamesbond007');

-- Customer Orders
INSERT INTO customer_order (order_discount, shipping_address, billing_address, username, order_date) VALUES
(5.00, 1, 1, 'johndoe', '2024-10-21'),
(10.00, 2, 2, 'janedoe', '2024-10-22'),
(0.00, 3, 3, 'michael25', '2024-10-20'),
(15.00, 4, 4, 'lucy85', '2024-10-18'),
(20.00, 5, 5, 'jamesbond007', '2024-10-19');

-- Products
INSERT INTO product_category (category_name) VALUES
('Electronics'),
('Clothing'),
('Books'),
('Home & Garden'),
('Sports');

INSERT INTO brand (brand_name) VALUES
('Apple'),
('Nike'),
('Samsung'),
('Sony'),
('Adidas');

INSERT INTO colour (colour_name) VALUES
('Black'),
('White'),
('Red'),
('Blue'),
('Green');

INSERT INTO size (size_name) VALUES
('Small'),
('Medium'),
('Large'),
('Extra Large'),
('One Size');

INSERT INTO supplier (supplier_name) VALUES
('Best Buy'),
('Walmart'),
('Target'),
('Amazon'),
('eBay');

-- Products
INSERT INTO product (product_name, product_category_id, brand_id, colour_id, size_id, supplier_id, price) VALUES
('iPhone 13', 1, 1, 1, NULL, 1, 699.00),
('Nike Sneakers', 2, 2, 2, 2, 2, 59.99),
('Samsung Galaxy S21', 1, 3, 1, NULL, 3, 799.00),
('Sony 4K TV', 4, 4, 3, NULL, 4, 899.99),
('Adidas Running Shoes', 2, 5, 4, 3, 5, 69.99);

-- Supplier Orders
INSERT INTO supplier_order (order_discount, supplier_id, order_date) VALUES
(10.00, 1, '2024-10-10'),
(5.00, 2, '2024-10-12'),
(15.00, 3, '2024-10-14'),
(20.00, 4, '2024-10-16'),
(25.00, 5, '2024-10-18');

-- Supplier Order Lines
INSERT INTO supplier_order_line (product_id, qty, discount, price, order_id) VALUES
(1, 10, 10.00, 699.00, 1),
(2, 20, 5.00, 59.99, 2),
(3, 15, 15.00, 799.00, 3),
(4, 5, 20.00, 899.99, 4),
(5, 8, 25.00, 69.99, 5);

-- Customer Order Lines
INSERT INTO customer_order_line (product_id, qty, discount, price, order_id) VALUES
(1, 2, 5.00, 25.00, 1),
(2, 1, 10.00, 15.00, 2),
(3, 5, 0.00, 10.00, 3),
(4, 3, 15.00, 45.00, 4),
(5, 4, 20.00, 50.00, 5);

