-- Insert data into country
INSERT INTO country (country_id, country_name) VALUES
(1, 'United States'),
(2, 'Canada'),
(3, 'United Kingdom'),
(4, 'Germany'),
(5, 'France'),
(6, 'Australia'),
(7, 'Japan'),
(8, 'India'),
(9, 'Brazil'),
(10, 'Mexico');
 
-- Insert data into airline
INSERT INTO airline (airline_id, airline_name) VALUES
(1, 'Delta Airlines'),
(2, 'American Airlines'),
(3, 'United Airlines'),
(4, 'Air Canada'),
(5, 'British Airways'),
(6, 'Lufthansa'),
(7, 'Qantas'),
(8, 'Japan Airlines'),
(9, 'Air India'),
(10, 'LATAM Airlines');
 
-- Insert data into manufacturer
INSERT INTO manufacturer (manufacturer_id, manufacturer_name) VALUES
(1, 'Boeing'),
(2, 'Airbus'),
(3, 'Bombardier'),
(4, 'Embraer'),
(5, 'Lockheed Martin'),
(6, 'McDonnell Douglas'),
(7, 'Gulfstream'),
(8, 'Dassault'),
(9, 'ATR'),
(10, 'Cessna');
 
-- Insert data into aircraft_model
INSERT INTO aircraft_model (model_id, manufacturer_id, model_name) VALUES
(1, 1, 'Boeing 737'),
(2, 1, 'Boeing 747'),
(3, 2, 'Airbus A320'),
(4, 2, 'Airbus A380'),
(5, 3, 'Bombardier Q400'),
(6, 4, 'Embraer E175'),
(7, 5, 'Lockheed Martin L-1011'),
(8, 6, 'McDonnell Douglas MD-80'),
(9, 7, 'Gulfstream G650'),
(10, 8, 'Dassault Falcon 7X');
 
-- Insert data into customer
INSERT INTO customer (customer_id, country_id, first_name, last_name, passport_number, email_address, phone_number) VALUES
(1, 1, 'Alice', 'Smith', 'A123456789', 'alice@example.com', '123-456-7890'),
(2, 2, 'Bob', 'Johnson', 'B987654321', 'bob@example.com', '234-567-8901'),
(3, 3, 'Charlie', 'Brown', 'C123123123', 'charlie@example.com', '345-678-9012'),
(4, 4, 'Diana', 'White', 'D456456456', 'diana@example.com', '456-789-0123'),
(5, 5, 'Eve', 'Davis', 'E789789789', 'eve@example.com', '567-890-1234'),
(6, 6, 'Frank', 'Wilson', 'F321321321', 'frank@example.com', '678-901-2345'),
(7, 7, 'Grace', 'Lee', 'G654654654', 'grace@example.com', '789-012-3456'),
(8, 8, 'Hank', 'Martinez', 'H987987987', 'hank@example.com', '890-123-4567'),
(9, 9, 'Ivy', 'Garcia', 'I123123123', 'ivy@example.com', '901-234-5678'),
(10, 10, 'Jack', 'Miller', 'J456456456', 'jack@example.com', '012-345-6789');
 
-- Insert data into aircraft
INSERT INTO aircraft (aircraft_id, aircraft_model_id, owned_by_airline_id) VALUES
(1, 1, 1),
(2, 3, 2),
(3, 2, 3),
(4, 4, 4),
(5, 5, 5),
(6, 6, 6),
(7, 7, 7),
(8, 8, 8),
(9, 9, 9),
(10, 10, 10);
 
-- Insert data into airport
INSERT INTO airport (airport_code, city_id, airport_name, city) VALUES
('JFK', 1, 'John F. Kennedy International Airport', 'New York'),
('LAX', 2, 'Los Angeles International Airport', 'Los Angeles'),
('LHR', 3, 'Heathrow Airport', 'London'),
('FRA', 4, 'Frankfurt Airport', 'Frankfurt'),
('CDG', 5, 'Charles de Gaulle Airport', 'Paris'),
('SYD', 6, 'Sydney Airport', 'Sydney'),
('HND', 7, 'Haneda Airport', 'Tokyo'),
('BOM', 8, 'Chhatrapati Shivaji Maharaj International Airport', 'Mumbai'),
('GRU', 9, 'São Paulo/Guarulhos–Governador André Franco Montoro International Airport', 'São Paulo'),
('MEX', 10, 'Mexico City International Airport', 'Mexico City');
 
-- Insert data into flight
INSERT INTO flight (flight_code, airline_id) VALUES
('DL123', 1),
('AA456', 2),
('UA789', 3),
('AC101', 4),
('BA202', 5),
('LH303', 6),
('QF404', 7),
('JL505', 8),
('AI606', 9),
('LA707', 10);
 
-- Insert data into seat_class
INSERT INTO seat_class (seat_class_id, class_name) VALUES
(1, 'Economy'),
(2, 'Premium Economy'),
(3, 'Business'),
(4, 'First Class'),
(5, 'Business Class'),
(6, 'Economy Plus'),
(7, 'Comfort'),
(8, 'Luxury'),
(9, 'Executive'),
(10, 'Ultra First Class');
 
-- Insert data into aircraft_seat
INSERT INTO aircraft_seat (seat_id, aircraft_id, seat_class_id) VALUES
(1, 1, 1),
(2, 1, 2),
(3, 2, 1),
(4, 2, 3),
(5, 3, 1),
(6, 3, 4),
(7, 4, 1),
(8, 4, 3),
(9, 5, 2),
(10, 5, 4);
 
-- Insert data into leg
INSERT INTO leg (leg_id, arrival_airport_code, departure_airport_code, flight_code, aircraft_id, arrival_time, departure_time) VALUES
(1, 'LAX', 'JFK', 'DL123', 1, '2024-10-01 15:00:00', '2024-10-01 12:00:00'),
(2, 'JFK', 'LHR', 'AA456', 2, '2024-10-02 10:00:00', '2024-10-02 07:00:00'),
(3, 'CDG', 'FRA', 'UA789', 3, '2024-10-03 14:00:00', '2024-10-03 11:00:00'),
(4, 'SYD', 'HND', 'AC101', 4, '2024-10-04 09:00:00', '2024-10-04 06:00:00'),
(5, 'BOM', 'MEX', 'BA202', 5, '2024-10-05 13:00:00', '2024-10-05 10:00:00'),
(6, 'GRU', 'LAX', 'LH303', 6, '2024-10-06 19:00:00', '2024-10-06 16:00:00'),
(7, 'MEX', 'JFK', 'QF404', 7, '2024-10-07 20:00:00', '2024-10-07 18:00:00'),
(8, 'LHR', 'SYD', 'JL505', 8, '2024-10-08 23:00:00', '2024-10-08 21:00:00'),
(9, 'BOM', 'CDG', 'AI606', 9, '2024-10-09 22:00:00', '2024-10-09 19:00:00'),
(10, 'GRU', 'FRA', 'LA707', 10, '2024-10-10 14:00:00', '2024-10-10 11:00:00');
 
-- Insert data into booking
INSERT INTO booking (booking_id, airline_id, customer_id) VALUES
(1, 1, 1),
(2, 2, 2),
(3, 3, 3),
(4, 4, 4),
(5, 5, 5),
(6, 6, 6),
(7, 7, 7),
(8, 8, 8),
(9, 9, 9),
(10, 10, 10);
 
-- Insert data into booking_leg
INSERT INTO booking_leg (booking_leg_id, booking_id, leg_id, seat_id, price) VALUES
(1, 1, 1, 1, 350.00),
(2, 2, 2, 3, 600.00),
(3, 3, 3, 5, 700.00),
(4, 4, 4, 7, 500.00),
(5, 5, 5, 9, 800.00),
(6, 6, 6, 2, 300.00),
(7, 7, 7, 4, 550.00),
(8, 8, 8, 6, 750.00),
(9, 9, 9, 8, 450.00),
(10, 10, 10, 10, 900.00);